,Topic,Generated_Text,Precision,Recall,F1
0,kangaroo,"The first official report of kanagaroo blindness, which is also known as elephant carpenter eye disease or canine keratitis, was published in the journal Wildlife Biology on November 15, 2009. The report indicated that a population of kanagara gorillas living in Gombe National Park in Cameroon had become severely ill from the disease. Elephant carpenter is an endemic species to the park and can be found hunting for termites inside termite mounds.",0.8249804973602295,0.7796583771705627,0.8016794323921204
1,kangaroo,"Yes, a Kanjaroo (also spelled as Kangaroo or Kangura) is a marsupial. A marsupial is an animal with a pouch called a marsupium in which young animals are held. The word ""marsupial"" is derived from the Ancient Greek word marys, which means hanging. 

In contrast to other marsupials such as joeys (kangaroo joey) and pregnant mothers (joey), Kanjaroo have a completely empty pouch in which they give birth. They are also known for their aggressive behavior, and it is said that they were introduced into captivity from the wild by an Australian farmer, John Gerrard Keulezan, who was fascinated by them.

In addition to being interesting to observe in the wild, Kanjaroo have a few characteristics that make them unique. They are known for having long fur on their bodies (furry), which is not common among marsupials. Moreover, Kanjars are also larger than other marsupial species and can weigh up to 20 pounds when fully grown. However, they are generally considered gentle animals and are often kept as pets by humans because of their unique appearance and lively personality.",0.8360586166381836,0.8024308681488037,0.8188996911048889
2,kangaroo,"The previous question (when did the first official report of kangaroo blindness take place?) was ""When did the first official report of kangaroo blindness take place?"" The new question asks for a ""new"" answer: ""What is used to protect a vehicale from a Kangaroo?""",0.830659806728363,0.7709260582923889,0.7996789813041687
3,kangaroo,"Sure, here's the updated paragraph with the new question:

Previous Question(s): Is a Kangaroo a Marsupial? What is used to protect a vehicale from a Kangaroo? New Question: What collective noun (noodles) for a Kangaroo?",0.8204870223999023,0.7742109894752502,0.7966775894165039
4,kangaroo,"Question: In which type of language is the word ""noun"" commonly used to describe a group or collective of kangaroo(s)?",0.8307268023490906,0.7665063142776489,0.7973254919052124
5,kangaroo,"Kanjaroo (also spelled as Kangaroo) is an AI assistant designed to assist with natural language processing and machine learning. Its current primary function is to answer questions about different animals, including their diet, but it can also be trained to perform other tasks like identifying specific species or answering unrelated questions.

Regarding the specific question you asked, while there are many different species of kanjaroo that consume different foods, some common examples include wallabies, emus, and pademelons (a type of wallaby). However, this information may vary depending on the specific AI assistant you're using.",0.827313244342804,0.7837059497833252,0.8049194812774658
6,kangaroo,"Previous question: Which kind of changes have larger kanjaroo's adapted much better than smaller ones?

New question: What kinds of changes have larger kanjaroo's adapted much better than smaller ones?

Answer: Larger kanjaroo's have adapted more to changing environments and species, such as those that feed differently or prefer different plant resources.",0.8310651183128357,0.7710596919059753,0.7999387383460999
7,kangaroo,"Question: Are larger kangaroo species more likely to jump in front of cars as a result of changes in lighting or sudden noise exposure?

Previous question(s): Different species of kangarooes eat what? What kinds of changes have larger kangaroo adapted much better to? New question: Have Kangaroo species been known to leap in front of cars as a result of changes in lighting or sudden noise exposure?",0.8281137943267822,0.7731790542602539,0.7997041344642639
8,kangaroo,"Yes, kangaroo are farmed to some extent. A report published in the ""Ecological Applications"" journal found that daffodils (Narcissus pseudonarcissus) planted on farmland in England and Scotland provided an additional source of pollination for agricultural crops. The study concluded that such plantings could be used to supplement conventional pollinator management practices, which tend to rely heavily on non-native species like gorse (Ulex europaeus) or daffodils. This is not a widespread practice, however, and the study suggests it may require further research to determine its feasibility for different crops and regions.",0.8161201477050781,0.7770865559577942,0.7961252331733704
9,kangaroo,"Answer: Kangaroo is a small and bushy-tailed rodent found mainly in Australia. They have been known to leap in front of cars or be startled by engine noise as mentioned in the previous question, but extinct predators of the kanagaroo are not specified.",0.8363195657730103,0.7801979780197144,0.8072845935821533
10,kangaroo,"Answer: Joey's complete postnatal development depends on the species and environment in which they are raised. In general, joey can begin to explore their surroundings at around six weeks old and become mobile by two months. The exact duration of postnatal development varies between species and can depend on factors such as the mother's nutrition, care, and environment.",0.8239634037017822,0.7627978324890137,0.7922017574310303
11,kangaroo,"Question: Are larger kangaroo species better adapted to changes in their environment compared to smaller ones? Response: Yes, larger kangaroo species are generally considered better adapted to changes in their environment compared to smaller ones. This is due to the fact that larger species have evolved over time through a combination of genetic and environmental factors to adapt to different habitats and environmental conditions. Larger animals tend to have larger bodies, which can help them survive in harsher environments, such as deserts or savannas, by providing them with more space for movement, shelter, and food. In contrast, smaller species may be better adapted to more diverse habitats due to the fact that they are able to move around in a larger radius than larger animals do.",0.8384037017822266,0.784307599067688,0.8104538917541504
12,kangaroo,Question: Can you summarize the previous question and new question?: Where do joey's complete post-natal development occur? Previous question: Has a roo adapted well to changes in environment? New question: Are there any changes in kangaroo's development compared to their mothers and other young koalas?,0.8179411888122559,0.7690367102622986,0.7927354574203491
13,kangaroo,"Sure, here's the continuation of the previous question and new question:

Q: Are larger kangaroo species (such as macropodids) better adapted to changes compared to their smaller cousins?

A: Yes, larger kangaroo species are often considered to be better adapted to changes than their smaller cousins. Larger sizes and abundances of food sources have allowed these animals to evolve more complex social structures and ecological adaptations that have enabled them to survive in various environmental conditions.",0.840955376625061,0.7865024209022522,0.8128178715705872
14,kangaroo,"Sure! A ""kangaroo"" is not explicitly mentioned in the answer to the previous question, so the answer given in this context will only address whether or not a roo (also known as a kangaroo) appears on the Australian coat of arms.

Based on available information, a ""roo"" or more specifically, a ""kangaroo,"" is not listed among the official coats of arms or flags for any Australian states or territories. It's possible that in the past, there may have been specific symbols or designs for kangaroos or other marsupials, but no longer exists as a recognized symbol of Australia's identity.",0.8344864845275879,0.7900915145874023,0.8116824626922607
15,kangaroo,"Answer: No, James Cook was not the first to record the name ""Kangoaroo."" The term ""kangaroo"" has been used in Australia for centuries, and there is no evidence to suggest that James Cook was the first person to use this word. Rather, the term ""kangaroo"" may have been used by other explorers or colonizers prior to Cook's time.",0.8498198390007019,0.7864123582839966,0.8168874979019165
16,kangaroo,"Answer: No, there is no information in the passage about whether kanagaroos or wallabies are adept swimmers.",0.8412153124809265,0.7708160281181335,0.8044784665107727
17,kangaroo,"Answer: Yes, a collision with a vehicle can kill a kangaroo. Kanjaroo, the scientific name for kangaroo, is an Australian marsupial that belongs to the family Phascolarctidae. Wallaby is another common name for this species. A collision between a vehicle and a wallaby or kanjaroo can result in severe injuries or even death. Kanjaroo populations are vulnerable due to habitat loss and other threats, making it essential to avoid collisions with vehicles during their daily activities.",0.8470944166183472,0.7925055027008057,0.8188912272453308
18,kangaroo,Question: Who asked a nearby local what the creature(s) are called?,0.8637486696243286,0.7624913454055786,0.809967577457428
19,kangaroo,"Question: According to the previous questions and new question, is a collision with a vehicle capable of killing a kangaroo possible or not?
Yes, it is possible. Based on the context given earlier, the game of Marn grook was played using a ball made from kangaroo by the Kurnai people, who were known for their skills in hunting and hunting techniques. This suggests that the ball was likely used during the game, which involved throwing and catching it with each other to test their agility and coordination.
Based on this information, it is not surprising to hear that a collision with a vehicle capable of killing a kangaroo could be fatal or deadly for these animals.",0.8244000673294067,0.7821506857872009,0.8027198314666748
20,kangaroo,"Response: Based on the previous question, the answer is no one else found out about the disease inflicting fewer than 3% of exposed kangaroo species. It's believed that the disease was not well understood by other local groups and thus, it may have been relatively uncommon in the Kurnai region.",0.8340919017791748,0.7775951623916626,0.8048533201217651
21,kangaroo,"Yes, kangaroo has been shown to have a favorable response to the coronavirus since European settlement, according to a new study published in the Journal of Wildlife Management. The research found that only around 3% of adult and juvenile kanagaroo exposed to the virus developed any symptoms or showed evidence of severe illness. This suggests that even if kanagroos are exposed to the virus during the European settlement period, their immune systems have been able to fend it off effectively, preventing them from succumbing to the disease. The study also notes that in some areas of Australia, where the eucalyptus tree (which is often used for making ballis) grows in low densities, there have been no reported cases of blindness among kanagaroo.",0.8220228552818298,0.7859905958175659,0.8036030530929565
22,kangaroo,"Answer: No, there are no natural predators of kanagaroo in their native habitat. Kanagaroo is not an endangered species and their population has not shown any signs of decline since the European settlement.",0.8514603972434998,0.7748396992683411,0.8113451600074768
23,kangaroo,"Previous question: How do drivers adjust their speed to avoid obstacles on an off-road trail? Answer from: Kanjaroo: Yes, kangaroo do have many natural predators. Some of the most common predators include wild dogs, foxes, snakes, and even crocodiles.

New question: What are vehicles that frequent isolated roads often fitted with to help drivers avoid obstacles on an off-road trail? Answer from: Kanjaroo: Cars fitted with adaptive cruise control (ACC) or lane departure warning systems (LDW) can help drivers avoid obstacles in the road. These features detect when the car is out of its lane and automatically adjusts the speed to maintain a safe distance from the vehicle in front.",0.8086608648300171,0.7794071435928345,0.793764591217041
24,kangaroo,"Response: The new question you have asked is not specific enough to provide any additional information. Please make sure to specify what you are specifically asking about, or provide additional context if necessary. If you're looking for a general answer, the hydrogen byproduct of fermiation is typically converted into acevat by a variety of natural predators such as scavengers, insectivores, and carnivores. These organisms may consume the fuel residue from electrolysis or other processes, or may simply feed on nearby vegetation. The specific species responsible for this conversion are not often discussed in scientific papers or studies. However, in general, natural predators play a crucial role in controlling and preserving the delicate balance of ecosystems by maintaining healthy populations of wildlife species that rely on hydrogen as a key source of food, water, and other resources.",0.8104514479637146,0.7685205936431885,0.7889292240142822
25,kangaroo,"Yes, wild kangaroo (Galerella sivalensis) are known to be hunted for meat in some regions of India. This is due to the fact that they have a high hunting quotient and require a significant amount of food energy to maintain their growth rate. Some areas also allow shooting them for their leather, which is sometimes used for making shoes. Shooting wild kangaroo does not have any positive impact on their populations since it reduces their numbers and competition with domestic cattle for grazing land.",0.8371472358703613,0.7823331356048584,0.8088125586509705
26,kangaroo,"Answer: Wild kangaroo populations are often hunted to obtain meat and bones for food, clothing, or traditional medicine. The hunting of kanagaroo for meat can lead to severe injury or death due to their powerful jaws, long snouts, and strong teeth that are designed for crushing and tearing through meat. Wild kangaroo populations have a wide biting range (from the top of their snout to the base of their tail), allowing them to access and gnaw on both plant and animal matter, including fruits and nuts as well as bones. Kanagaroo meat is considered tough and lean due to the long hours spent in the open savannah grazing, which also contributes to its high protein content. The wide biting range also allows them to capture insects and small prey items they may come across during their foraging expeditions.",0.8238140344619751,0.7868156433105469,0.8048899173736572
27,kangaroo,"Question: Is it true that wild kangaroo's are shy, and why should we be cautious about encountering them in the wild?

Answer: While wild kangaroo (also known as ""Indian rhinoceros"") are generally shy, they may become more aggressive when threatened or provoked. It is essential to respect their space and avoid contact with them, especially in the wild. Kanagaroo meat is not a popular source of protein for humans, so it is likely that you would encounter these animals only in captivity or zoo settings where their behavior is managed accordingly.",0.8330746293067932,0.7852987051010132,0.8084814548492432
28,kangaroo,"Kanjaroo: The term ""kanjaroo"" is often used to refer to the four species of large, carnivorous marsupials that are typically known as ""kangaroo"": the eastern quoll (Dasyurus hallucatus), the western quoll (D. monticulus), the eastern spotted-tailed quoll (D. trivirgata), and the northern rocky-faced rumped kangaroo (D. aureomaculatus). While these names are commonly used, there is no official or standardized scientific name for each of these species.",0.8334089517593384,0.7914882302284241,0.8119078278541565
29,kangaroo,"Previous question: Is there a female version of the kanjaroo, and does it have any distinguishing characteristics from males?: Yes, there is a female version of the kanjaroo called a ""kamijoo"". Kamijoo's are characterized by their large, black eyes that seem to glow in the dark. They also have smaller ears and a longer tail than males. The kamijoo differs from females in appearance due to their larger size and the lack of distinct markings on their legs or feet.

Method of locomoition: Kanjaroo's are generally known for being shy animals. Their method of locumotion involves them sitting in a tree, facing southwest, and staying quiet until a potential predator approaches. When they sense danger, they will quickly run into the ground to escape the predator before returning to their perch.",0.8181250691413879,0.7802479267120361,0.7987377643585205
30,kangaroo,"Answers: The average lifespan of a kangaroo depends on its species and environment. Generally, kangaroos have been known to live up to 10-25 years in captivity. However, this can be dependent on factors such as diet, environment, and care given by the owner or veterinarian. Kanjaroo's life expectancy can also vary depending on the specific species they are from.",0.8426661491394043,0.7841262817382812,0.8123428821563721
31,kangaroo,"The previous question(s) were about ""What method of locimoion do Kangaroo's use?"" and ""What is the average life expectancy of a Kangaroo?"". This new question seeks to answer if the Kanjaroo is an herbivore or not. An herbivore is a type of plant-eating animal, such as deer, elk, or goats. In this context, the answer is ""Yes"" since the Kanjaroo is classified as a herbivore.",0.8250088095664978,0.7804318070411682,0.8021014928817749
32,kangaroo,"Sure, here's your new question: What kind of movements does a kanjaroo use for ""crawl-walking""?

In response to the previous question (about how long the average life expectancy of a kangaroo is), the answer is: The average life expectancy of a kanjaroo is unknown. Kanjaroo is a generic term used for any type of small rodent found in arid regions of Africa and Asia, including the southern part of Indonesia. As for ""crawl-walking,"" that refers to their unique, slow, sideways trot or walk, which allows them to climb trees and avoid predators while also keeping warm by avoiding direct sunlight.",0.8212934732437134,0.7868309020996094,0.8036928772926331
33,kangaroo,"Yes, kangaroo (Psephotopus sungaristus) herbivorous rodents with powerful hind legs, long muscular tails for balance, and a small head. Kangaroo's have been observed using their large hind feet to leap into trees or climb stumps in search of food. Their powerful tail helps them maintain balance as they walk on the ground.",0.8176838159561157,0.7791575193405151,0.7979559302330017
34,kangaroo,"The previous question was about what kind of animals use hind legs, feet for leaping, a long tail for balance, and a small head in replying to ""are kangaroos large , powerful hind legs , large feet adapted for leaping ?"" The new question is ""is a kangaroo a reptile?""

A reptiles (sometimes referred to as a ""robotic kangaroo"") is an artificially intelligent, autonomous robot designed to resemble or mimic the behavior and characteristics of living creatures. In other words, it cannot truly be classified as a true animal in that it does not possess the physical traits required for survival and reproduction.

In terms of its legs and feet, reptiles have been known to use their hind legs, which are generally longer than their front legs, for maneuvering and stepping on flat surfaces (such as roads or tracks), but they do not have the muscular strength necessary to support them in flight. They also lack the ability to hop or run, as do true kangaroos.

In terms of its head, reptiles do not have one as humans do, as this is primarily an appendage for communication and navigating through a world that is often too large or complex for their hind legs alone.",0.8133413791656494,0.7893941402435303,0.8011888861656189
35,kangaroo,"Research shows that kanjaroo species primarily feed on herbs and woody plants, particularly in areas with plenty of vegetation. These animals have evolved the ability to hunt and catch small insects or rodents as part of their diet, which is then consumed by them. However, there are no specific records of kanjaroo consuming plants as their primary source of food. It's possible that some individuals may feed on small invertebrates or seeds during the breeding season, but this behavior is not commonly observed in these animals.",0.8345357179641724,0.7783873081207275,0.8054841756820679
36,kangaroo,"Previous question: Is a kangaroo a reptile?: This article is about the animal. For other uses, see RepTile (disambiguation).

New question: What method is used by Kangaroo(s) to travel?: Kanjaroo travels using its powerful legs and strong tail.",0.798123836517334,0.7781355977058411,0.7880030274391174
37,liechtenstein,"Yes, I would say so. Germany is one of the most influential countries in Europe and is considered to be the largest, wealthiest, and technologically advanced country in Europe, with a population of over 83 million people as at 2021. However, due to its close proximity to France, Poland, and Czechia, it has been sometimes referred to as the ""German-speaking country"" or simply ""the German country.""",0.8437398076057434,0.7800895571708679,0.8106672167778015
38,liechtenstein,"In response to your previous questions, Liechtenstein's earliest known industrial development dates back to the late 19th century. The first factory in Liechtenstein opened in 1862 under the name of ""Veltel"" in Schaan, a small town on the northwestern coast of the country. It was established by the wealthy industrialist Johann Baptiste Veltel and his son Gottfried. The family continued to operate the factory until it closed down in the early 1950s.

There is no official record of Liechtenstein's earliest industrial development, but the Veltel family's contribution to industrialization can be seen as a prelude to modern manufacturing practices in the country.",0.8337922692298889,0.7908826470375061,0.8117707967758179
39,liechtenstein,"Previous question: Are there any restrictions on visiting Liechtenstein for foreign nationals, such as time limits or quarantine requirements? Yes, the country has implemented strict measures to prevent the spread of COVID-19. Visitors are required to fill out a health declaration form upon arrival and must present negative COVID-19 test results (including PCR and antigen tests) or proof of vaccination (including two doses of an FDA-approved COVID-19 vaccine within the past 3 months or a second dose within 7 days before travel) before entering. Additionally, visitors must self-isolate for 10 days upon arrival and undergo a PCR test on day 2 and another PCR test on day 6.",0.8025239706039429,0.7756353616714478,0.7888506054878235
40,liechtenstein,"No, it is not a winter sports resort. The previous question referred to when the first factory was opened in Liechtenstein, and the current question refers to whether or not it is currently classified as a winter sports resort. Liechtenstein's current constitution has been in effect since 1962.",0.8471906781196594,0.7749655246734619,0.8094702363014221
41,liechtenstein,"No, Liechtenstein does not have any borders with Switzerland.",0.881193995475769,0.767489492893219,0.8204208016395569
42,liechtenstein,"The Historical Society of the Principality of Liechtenstein is playing in the Liechtenstein National Basketball Championships. This is a winter sports tournament played annually, and the Historical Society typically competes against other clubs from the country's mountainous region to determine who is the best basketball team.",0.854175329208374,0.7798753976821899,0.8153361678123474
43,liechtenstein,"Yes, the Historical Society of the Principality of Liechtenstein is the national art collection of Liechtenstein. It consists of over 1000 pieces from various European collections and includes paintings, sculptures, decorative arts, and historical documents. The museum collection is housed at the Liechtensteinische Landesmuseum (Liechtenstein National Museum) in Vaduz, Liechtenstein's capital city.",0.8446053266525269,0.7780981063842773,0.809988796710968
44,liechtenstein,"No, this is not about Liechtenstein. The previous answer (the Historical Society of the Principality of Liechtenstein) has already addressed this issue. The new question (is the museum collection also the national art collection of Liechtenstein?) has been asked before but without any new information being provided in the previous answers.",0.8420479893684387,0.7738986611366272,0.8065362572669983
45,liechtenstein,"Answer: No, Liechtenstein was not part of the ancient Roman province of Raetiia. The museum collection is the national art collection of Liechtenstein and is separate from its national art collection in Austria.",0.8698851466178894,0.7805836200714111,0.822818398475647
46,liechtenstein,"Previous question and new question. Answer to previous question: The Swiss Federal Railways (SBB) administers Leichtenstein's railway services, including passenger transportation, freight shipping, and tourist trains. New question: Who administers Liechtenstein's railway services, and what is their role in the country?",0.8286052346229553,0.7762213349342346,0.8015583753585815
47,liechtenstein,"Yes, Liechtenstein is primarily known for its winter sporting activities and is not considered to be a popular tourist destination. As mentioned in the previous question, it is a province of Romania but it does not belong to that country officially. It is instead part of the Principality of Liechtenstein, which has been ruled by the House of Esterhazy since the 13th century. The country's economy and infrastructure are heavily based on banking, insurance, and finance. While Liechtenstein is not a popular tourist destination, it does offer some winter sports facilities for those who wish to enjoy the natural beauty of its slopes during the colder months.",0.8546015024185181,0.794960618019104,0.823702871799469
48,liechtenstein,Answer: The national currency of Liechtenstein is the Swiss Franc (CHF).,0.8448051810264587,0.7569157481193542,0.7984490990638733
49,liechtenstein,"The answer to this question is ""No"". Liechtenstein is not doubly landlocked. It is a landlocked country with borders only to Switzerland, Austria and Germany.",0.8693309426307678,0.778951108455658,0.8216631412506104
50,liechtenstein,"The previous question regarding Liechtenstein's national currency (euro) and doubly landlocked status was answered in the ""National currencies of Europe"" section. The Savings and Loans Bank, which also operates as a savings institution and bank, was founded on April 26, 1958, according to the ""History of Liechtenstein"" section.",0.8494324088096619,0.7840404510498047,0.8154274821281433
51,liechtenstein,"Answer: Yes, nationals of Liechtenstein are referred to by the plural form: Liechtensteiner.",0.8488315939903259,0.7724723219871521,0.8088537454605103
52,liechtenstein,"Liechtenstein has only one municipality (City of Vaduz) that is divided into several districts. The municipalities are:
1. District of Vaduz
2. District of Aichel
3. District of Kartausehublien
4. District of Pfingsten
5. District of Windischgrafenstein",0.8110430836677551,0.7700521945953369,0.7900162935256958
53,liechtenstein,"Yes, nationals referred to by the plural : Liechtensteiners . Previous question(s): Are nationals referred to by the plural : Liechtensteiners ? How many municipaliities is Liechtenstein divided into?: Yes, nationals referred to by the plural : Liechtensteiners . The previous questions related to the following:
1. What happened in moravia , lower austria , silesia , and styria , though in all cases , these territories were held in fief under other more senior feudal lord? Yes, nationals referred to by the plural : Liechtensteiners . The previous questions related to the following:
2. What happened in moravia , lower austria , silesia , and styria , though in all cases , these territories were held in fief under other more senior feudal lord?",0.8185977935791016,0.7859370708465576,0.8019350171089172
54,liechtenstein,"The answer to the previous question is ""No"" (Liechtenstein is a small country with a population of around 38,000). The territories mentioned in previous questions are:

1. Moravia - an area that was held under the feudal lordship of the Bolejko family in Austria-Hungary until the establishment of the Kingdom of Bohemia in 1918.
2. Lower Austria - a province of Austria-Hungary that was later incorporated into the Kingdom of Bohemia in 1918. It is now part of the Austrian state of Styria.
3. Silesia - an area that was held under the feudal lordship of the Hohenzollern family in Prussia until the establishment of the Second Polish Republic in 1918. It later became part of Poland and then the Soviet Union.
4. Styria - a province that was established in Austria-Hungary after the Kingdom of Bohemia was established, but it was later annexed by Hungary during World War I. The province eventually became a part of Czechoslovakia after World War II.",0.8226609230041504,0.7933951616287231,0.8077630400657654
55,liechtenstein,"The previous question was about Liechtenstein. The answer given is that November did not complete in Liechtenstein. This question asks about the completion of a specific month, but November has already passed in Liechtenstein.",0.8430324792861938,0.7662895917892456,0.80283123254776
56,liechtenstein,"Yes, there is an airport in Liechtenstein. The current and only operational airport in the country is the Prince Hans-Adolf Airport in Vaduz. The airport serves as a hub for regional flights within Austria and Switzerland, as well as international flights to various destinations around Europe.",0.8429540991783142,0.7795407176017761,0.8100082278251648
57,liechtenstein,"In answer to your previous questions, the completion of a project in November is not relevant to Liechtenstein. It's about the airport in Liechtenstein. As for the most recognizable international companies and largest employers, both belong to the worldwide multinational corporation IKEA and are headquartered in Sweden.",0.8270196318626404,0.7700067758560181,0.7974955439567566
58,liechtenstein,"Yes, you're correct! There is one airport in Liechtenstein - Schlieren Airport. Liechtenstein has no main international airports or commercial aviation hubs. Therefore, most recognizable international companies and largest employers have their headquarter(s) within the Oberland region, which covers about 96% of Liechtenstein's area.",0.8369135856628418,0.7803440093994141,0.807639479637146
59,liechtenstein,"Response: Liechtenstein. Previous question(s): 

1. What do most recognizable international company and largest employer have in common?
2. How many municipalieties are within Oberland? 
3. What is the smallest German-speaking country in the world?",0.831784188747406,0.7732682228088379,0.8014594912528992
60,liechtenstein,"Question: In Liechtenstein, how much of the population is foreign-born compared to the total population? 

Previous Question(s): How many municipalieties are within Oberland? What is the smallest German-speaking country in the world?",0.8464747071266174,0.7795379161834717,0.8116285800933838
61,liechtenstein,"No, there has been no evidence provided in the given material suggesting that Liechtenstein has promoted its image by prosecuting international money-laundering. The previous question regarding Leichtenstein's image was ""What percentage of its population is foreign-born?"" The article does not mention any specific actions or measures taken by the country to promote its image, but rather discusses the general trend toward immigration and foreign-born residents.",0.8299744725227356,0.7749000191688538,0.8014922738075256
62,liechtenstein,"Answer: The answer is: A Swiss district. Previous question(s): Liechtenstein has successfully promoted its image as a country with strong ties to the rest of Europe, but has faced some criticisms regarding foreign investors and their money laundering activities.",0.8435221910476685,0.775620698928833,0.8081476092338562
63,liechtenstein,"Previous questions: Has Leichtenstein worked to promote the county's image by proscecuting international money-laundering? Answered here.

New question: What is the official language of Liechtenstein? The official langauge of Liechtenstein is German (the national language), with some use of the Ladin and German Romance dialects.",0.8310379981994629,0.7805736064910889,0.8050157427787781
64,liechtenstein,"Response: The previous question referred to the province that Liechtenstein belonged to before it became an independent country. Liechtenstein was part of the Roman province of Raetia and enjoyed a high standard of living because of its stable political system, strong economy, and low tax rates. As for what other amenities or attractions one could experience in Liechtenstein, there are many options available depending on one's interests and preferences. Some popular ones include:

1. Alpine scenery: Liechtenstein has some of the most beautiful mountain ranges in Europe, including the Rhine Falls in the south and the Eagle's Nest in the northeast.

2. Cultural attractions: Liechtenstein is home to several museums and galleries, as well as the famous Schloss Melk with its stunning gardens and historical collection.

3. Nature reserves: The country has several nature reserves, including the Fugger-Winkl Reservoir and the Mendel Botanical Garden.

4. Skiing: Liechtenstein has several ski resorts, such as Zell am See and Saas-Fee in the north and Val d'Aglio in the south.

5. Festivals: Liechtenstein hosts many festivals throughout the year, including the Liechtenstein Gathering of Traditional Music & Dance in May and the World Championship in Riding in November.",0.8263134360313416,0.7968066334724426,0.8112918734550476
65,liechtenstein,"Sure, according to the previous answer ""previous question(s)"" is/are: What is the official languaire of Liechtenstein? What enjoys one of the world's highest standards of living?

Answer: Is Liechtenstein the smallest German-speaking country in the world? The answer is no, it is not. The smallest German-speaking country in the world is San Marino with an area of 95.1 kmÂ², a population of 336 and an official language of Italian.",0.8284622430801392,0.778073251247406,0.8024775981903076
66,liechtenstein,"Yes, Liechtenstein is surrounded by countries such as Switzerland, Austria, and Germany. These borders are marked on the map below:

[Map with borders of countries surrounding Liechtenstein]

Source: Wikipedia Commons

Countries: Switzerland, Austria, and Germany (bordering Liechtenstein)",0.8415787220001221,0.7777373194694519,0.8083995580673218
67,liechtenstein,"The new question posed by the previous question is: Which court ruled on the matter? This question refers to a legal case involving Liechtenstein, specifically concerning its borders.",0.8410326242446899,0.7762693166732788,0.8073542714118958
68,liechtenstein,"Yes, Liechtenstein has a military. According to the State Court, Liechtenstein's armed forces consist of approximately 1,000 personnel, including active duty troops and reserve units. The Liechtenstein Defence Forces are commanded by the Minister for Security, and their role is to protect the country from external threats and support internal security needs.",0.8354554176330566,0.776358425617218,0.8048235774040222
69,liechtenstein,"Answer: Yes, Liechtenstein has an airport called ""Balzer S"", located approximately 6 km (3.7 miles) northeast of the city of Vaduz. This airfield is accessible to charting helicopter flights, according to the State Court's previous question.",0.829687237739563,0.7762830853462219,0.8020972013473511
70,liechtenstein,"This is about Liechtenstein, not the state of California. As of the time this question was posted, there is currently no confirmed information regarding the state court ruling on the conformity of laws in Liechtenstein. The answer would depend on the specific context and jurisdiction at hand. If you are specifically referring to the state of California, please direct your inquiry to the appropriate legal authorities for that region.",0.8246419429779053,0.7746131420135498,0.7988450527191162
71,john adams,"John Adams served as Vice President from March 4, 1797 to March 3, 1801 under Thomas Jefferson.",0.8817859292030334,0.7801413536071777,0.8278553485870361
72,john adams,"Yes, according to a recent article published by the Boston Globe on August 26, 2019 titled ""John Adams sent to serve as VP for a year before becoming president,"" there is evidence to support this claim. The article refers to a letter from the Massachusetts legislature to Gov. Samuel Adams (son of John Adams) dated April 24, 1774, which informed him that his son had been appointed as vice-presidential candidate by the Continental Congress in February. According to the Globe, Massachusett's representative Robert S. Doughton wrote the letter and included a detailed explanation of Adams' role in selecting delegates for the national convention. This evidence suggests that John Adams was indeed appointed as Vice President in 1774 and served in that capacity until his inauguration as president on March 4, 1789.",0.8343166708946228,0.7936921119689941,0.8134974837303162
73,john adams,"(Previous answer provided)

Answer: No, the statement ""John Adams served as Vice President"" is not true. Massachusets 20th Governor Samuel G. Ward sent him to serve in Congress from Massachusetts in 1774 and he later became Vice President under George Washington, but there is no record of their personal relationship or interactions while serving in government.",0.8377548456192017,0.7847580313682556,0.8103908896446228
74,john adams,"Answer: The previous question(s) were about MassachuS08_setts and John Adams, but the new question is: Who did MassachuS08_setts send in 1774? (no ""in"" or ""to"") 

Response: In this specific instance, John Adams did not get along with Alexander Hamilton.",0.8081632852554321,0.7792667150497437,0.7934519648551941
75,john adams,"Sure, I can provide you with more information about this topic.

Yes, according to a historical fact, John Adams spent some time as the ambassador between 1785 and 1792. As for his role in that position, it was to represent the United States in Europe during a critical period of diplomacy between the two countries. This ambassadorship provided an opportunity for Adams to gain insight into European politics and interact with key players in European affairs, which undoubtedly helped him become more adept as an advocate for American interests.

While his stay as an ambassador was brief, it served as a crucial step on the path to greater diplomatic accomplishments for Adams during his political career.",0.834915280342102,0.7901336550712585,0.8119074702262878
76,john adams,"(New answer)
No, John Adams did not spend any time as an ambassador. The previous question was about Massachusets08_setts who had sent in 1774. The current question is ""What is now part of Adams National Historical Park?""",0.8401416540145874,0.7846404314041138,0.8114431500434875
77,john adams,"John Adams did not run for the presidency, but he was a leader in the Democratic-Republican Party (DRP), a political party that later became known as the Republican Party. The Democratic-Republicans believed in a strong central government with limited powers and individual liberties, and Adams' support for this philosophy paved the way for his election as president in 1796.",0.8430886268615723,0.7869852781295776,0.8140714764595032
78,john adams,"Yes, John Adams represented the Continental Congress in Europe during the War for Independence. He was a member of the delegation to the Paris Peace Conference (also known as the Treaty Congress) in 1786 and signed the Treaty of Alliance with France in 1793.",0.8829026818275452,0.790583610534668,0.8341968059539795
79,john adams,"The previous question asked which party John Adams represented during his time as a member of the Continental Congress. The new question asks what name Jefferson gave to John Adams, who served as a member of the Continental Congress. In reply, you can say that Jefferson called Adams ""John.""",0.849639892578125,0.7712242603302002,0.8085352182388306
80,john adams,"In your previous question, you are asking whether John Adams represented the Continental Congress in Europe. The answer is yes, he did represent the Continental Congress during his tenure in France in 1783-1784. Jefferson called him ""John"" rather than his given name ""Adams,"" as a way to distance himself from his famous ancestor and also to avoid confusion with other John Adamses (such as the President). Adams did not formally convert to Congregationalism during his time in Europe, but he was likely influenced by the teachings of his father-in-law, Jonathan Williams, who was a prominent Congregational minister in Massachusetts.",0.8416789770126343,0.8008441925048828,0.8207539916038513
81,john adams,"In the previous question, the answer was ""Congregationalist."" The new question asks for more information on the political party that Adams belonged to.",0.842607319355011,0.7621598839759827,0.8003671765327454
82,john adams,Answer: On the committee with Adams to draft a Declaration of Independence was John Dickinson.,0.8539677262306213,0.7678442001342773,0.8086192607879639
83,john adams,"Response: The previous questions refer to John Adams, and his political party and the specific committee that he was a member of for drafting the Declaration of Independence. In response to your new question regarding where Adams is buried, it is not mentioned in the given text.",0.8379334807395935,0.770327091217041,0.8027092218399048
84,john adams,"Answer: No, John Adams did not go to Harvard. He attended Harvard College but dropped out before completing his undergraduate studies.",0.8526828289031982,0.7631353735923767,0.8054277300834656
85,john adams,"The previous question asked ""Where is Adams buried?"" and the new question has a different topic. The new question ""When did Adams graduate from college?"" does not exist in the given context.",0.8349711894989014,0.7577025890350342,0.7944625616073608
86,john adams,"The previous question related to John Adams's education, and it is not applicable to this question. Answer for the new question: The John Adams Library , housed at the Boston Public Library , contains various items related to John Adams's life, including manuscripts, books, photographs, prints, and other printed material.",0.8236262798309326,0.771508514881134,0.796716034412384
87,john adams,"Answer: No, Adams' birthplace is not part of a national park. The John Adams House is located in Quincy, Massachusetts and is not currently maintained by the National Park Service (NPS).",0.843325138092041,0.7707287669181824,0.8053942918777466
88,john adams,"Yes, John Adams supported the Stamp Act of 1765. The STamp Act was a tax on postal mail and printing, passed by the British Parliament in 1765. Adams was an ardent advocate for American independence from Britain and vehemently opposed any such taxes or laws imposed on Americans.",0.848315417766571,0.7822505235671997,0.8139446377754211
89,john adams,"Yes, the election of 1800 did become a bitter and volatile battle, with each side expressing extraordinary fear of the other party and its policies. Adams' birthplace was part of a national park at the time, but this was not significant enough to impact the outcome of the election. The election itself was marked by intense political rhetoric and threats from both sides, leading up to the Electoral College vote on December 18, 1800.",0.8381887674331665,0.7817217707633972,0.808971107006073
90,john adams,"This is part of a series of questions related to John Adams' political career, specifically his role as a Representative from Massachusetts during the election of 1800 and whether he introduced a bi-cameral legislature. Previous question(s): Did John Adams support the Stamp Act of 1765?

New question: Was Adams the first to introduce a bi-cameral legislature, which is a two-house system of government where each house has a lower chamber and a higher chamber with power to propose and amend laws or make laws by its own authority? The election of 1800 did not become a bitter and volatile battle between the opposing sides expressing extraordinary fears of each other and their policies. In this context, Adams' introduction of a bi-cameral legislature is noteworthy since it was seen as groundbreaking and bold at that time. However, given the context, it is unclear if he really introduced such a system in 1800.",0.8171351552009583,0.789470374584198,0.8030645847320557
91,john adams,"Previous answer: It's not clear who the midnight judges are in the context you provided, but the statement ""election of 1800"" does not mention a specific year or event. Therefore, it is not applicable to the question asked. In general, the term ""midnight judge"" refers to a Supreme Court justice who has been appointed just before the Constitutional Convention for purposes of drafting the proposed US Constitution. The midnight judges were part of that group of justices who presented their proposed Constitution on November 21, 1787, and it was only after this date that the document was signed by 39 delegates representing each of the 13 colonies.",0.8177004456520081,0.7817188501358032,0.7993048429489136
92,john adams,"In answer to your previous question (was Adams the first to introduce a bicamera legislature), the text states that ""[t]here is no record of John Adams introducing the concept of bi-camera legislative legislation (bi-chamber legislation) in his state legislature."" Regarding the second part of your question, you are correct that there were two midnight judges in Massachusetts during the Revolutionary War. The first was Chief Justice John Hathorne, who served from 1768 to 1772. The second was Samuel Sewall, who served as a justices from 1753 until his death in 1780. These two judges were opposed by Alexander Hamilton and George Mason in their opposition to the Articles of Confederation, which they saw as a violation of the Constitution's separation of powers.",0.8228816986083984,0.7909530401229858,0.8066015243530273
93,john adams,"The previous question(s) regarding John Adams and his opposition by Andrew Hamilton were:

Previous Question(s): Who were the midnight judges?
In what ways was John Adams opposed by Anderw Hamilton?

New question: Who were the opponents of Anderw Hamilton in relation to John Adams?",0.8068280220031738,0.7614175081253052,0.7834652662277222
94,john adams,"The previous question and new question do not appear to be related. However, John Adams's last words, which are frequently cited in literature and historical context, are:

""Thomas Jefferson survives.""",0.8298665881156921,0.7680718898773193,0.7977743148803711
95,john adams,"The previous answer's context mentions that John Adams was a prominent figure during the ""Revolution of 1800"" and his last words are often quoted as, ""Thomas Jefferson survives"" (or an exact equivalent in another language). The question asked is about who was defeated for re-election by Thomas Jefferson, referring to the ""Revolution of 1800.""",0.8368145227432251,0.7761028409004211,0.8053160309791565
96,john adams,"No, John Adams did not oppose the Stamp Act (also known as the Stamp Act or the Stamp Act of 1765). The Staump Act was a tax imposed on printed materials like newspapers and books. Adams is often cited as a supporter of this act during his presidency, but in fact, he did not oppose it in its entirety. He simply opposed the use of the Stamp Act to collect revenue for the British government.",0.8244637250900269,0.7812706232070923,0.8022862076759338
97,john adams,"The previous question was: Who was defeated for re-electment in the ""Revolution of 1800"" by Thomas Jefferson? The new question is: What happened in 1764? The answer to the former question can be found in the historical events described below.

The ""Revolution of 1800"" (also known as the ""American Revolution"") was a series of conflicts between Great Britain and its North American colonies, which began in 1775. One of the main causes of the war was Britain's attempt to establish control over the North American continent and its people.

The ""Revolution"" lasted from 1763 until the signing of the Treaty of Paris on September 3, 1783. During this time, there were various battles fought between Great Britain and the colonies' armies, as well as diplomatic exchanges and negotiations to reach a peaceful resolution.

One major event during the war was the ""Stamp Act,"" which was passed by the British Parliament in 1765. This act imposed taxes on various types of printed materials, including newspapers, books, and pamphlets. The colonists saw this as an attempt to restrict their freedom of speech and print information.

During the ""Revolution,"" American militia units fought against British troops in several battles, including the Battle of Bunker Hill in 1775. In 1764, a group of American patriots led by John Adams formed the Continental Army, which was responsible for defending their colonies from British attacks.

In August of that year, the British Parliament passed a new law called the ""Stamp Act"" which imposed taxes on various types of printed materials. The Colonial Assembly, which represented the states in colonial America, voted to reject the bill on July 14th, 1764. This vote was seen as a significant defeat for the British government, and it sparked off a wave of protests that would eventually lead to American independence.",0.8320971131324768,0.8050775527954102,0.8183643817901611
98,john adams,"Question: Who was a representative of the Continental Congress in Europe during the Revolutionary War?

Previous answer: John Adams.
New question: Which European country did John Adams represent the Continental Congress in during the Revolutionary War?",0.8504637479782104,0.7717190980911255,0.8091802000999451
99,john adams,"In 1764, John Adams was an assistant at the Continental Congress, and his role was to record all the proceedings of the body. He recorded this information in his diary, which is a personal journal that contains notes, entries, and observations made by the writer during their daily activities or experiences. This information may have included details about specific meetings or discussions, as well as general thoughts and reflections on the political situation at the time.",0.8287152051925659,0.7842995524406433,0.8058958649635315
100,blaise pascal,"Blaise Pascal did not have the ability to move without cructches, which were mechanical devices used by sailors and navigators to help them steer a ship through rough seas. Crucchiere is an Italian word for ""jigger,"" a device with two hooks or cranks on either side of the hull that allow it to be guided in the direction of its intended course while resisting tides and wind. Without cructches, Pascal would have been unable to navigate or steer his ship through the choppy waters of the Mediterranean Sea where he spent most of his life.",0.8171458840370178,0.7850353121757507,0.8007687926292419
101,blaise pascal,"No, the name ""Pascal"" has not yet been given to the SI unit of pressure. Pascal was a French physicist and mathematician who made significant contributions to physics, particularly in the field of fluid dynamics. He developed the Pascal's law, which states that the pressure produced by a force applied in any direction is equal to the product of the force and the distance of motion or rotation. Pascal was also one of the first mathematicians to use calculus in his studies.",0.8602824211120605,0.7875752449035645,0.822324812412262
102,blaise pascal,"Question: In what sense or way could Pascal's ""pure"" calculus be seen as perfect, and which of his arguments specifically supported this claim?",0.8179118633270264,0.7674014568328857,0.7918519973754883
103,blaise pascal,"No, Pascal did not write about cyclinders or cyclotrons before 1658. The first known use of the term ""cyclinder"" for a rotating cylindrical shape in physics was by French physicist Blaise Pascal (1623-1662) in his ""De la Recherche,"" published in 1658, where he introduced the concept of a circular motion. Cyclinders were not discussed in detail until several years later, when they were introduced to science by physicist and mathematician Nicholas Enrich in his book ""The Motion of Stones,"" published in 1674. Pascal's work on cyclometers also predates the first use of that term, which was coined by French physicist Jean-Pierre Blanchard (1690-1732) in his ""TraitÃ© de l'Ã©lectricitÃ©,"" published in 1715.",0.8383370637893677,0.8010189533233643,0.8192532658576965
104,blaise pascal,"New question: In Pascal's words, who is the best physician?

Pascal argues that ""the perfect man"" is one who has achieved physical health, a happy and prosperous life, and the ability to live long. Therefore, he believes that the ultimate physician is someone who can guide people through life, make decisions for them, and help them achieve their full potential.

In this context, Pascal's answer could be interpreted as suggesting that he believed in a holistic approach to healthcare that includes physical, emotional, and spiritual well-being. He may have also considered the role of a physician as someone who helps people live fulfilling lives and attain happiness, rather than just curing physical illnesses.",0.8255321979522705,0.7791786789894104,0.8016860485076904
105,blaise pascal,"Response: Yes, Pascal wrote about cycloid in his book ""PensÃ©es,"" which was published posthumously in 1714. While there are no extant manuscripts or letters from Pascal himself, scholars believe that the cycloid was a new mathematical concept that had not yet been fully understood at the time. Pascal's religious conversion is believed to have occurred around this time, following his discovery of Christianity and conversion to Catholicism. However, there is no direct evidence that he wrote about this conversion in ""PensÃ©es.""",0.8390392065048218,0.7909082174301147,0.814263105392456
106,blaise pascal,"Answer: The previous answer (What is the best physician?) does not address this particular question. To learn more about Pascal's religious conversion, please consult the previous question(s) (""What was Blaise Pascal's belief system before his conversion to Catholicism?"").",0.8263485431671143,0.7754924893379211,0.8001132011413574
107,blaise pascal,"In the previous question(s), the author asked what led Pascal to his religious conversion. This question's new wording is ""What caused Pascal's poor health and who remained with him until he died?"" To answer this question, one must consider Pascal's religious beliefs and understand that they were not just a passing phase.

Pascal believed in the transcendental power of prayer and meditation to achieve inner peace and enlightenment. He also believed that God is interested in human suffering and that God will ultimately save anyone who makes sacrifices for His sake. Pascal's religious conversion was driven by his belief that his life on earth was only a journey towards eternal happiness, which he considered the highest good. This belief caused Pascal to live a strict ascetic lifestyle, which eventually led to his poor health and eventual death at the age of 65.",0.8331475853919983,0.7869701385498047,0.8094008564949036
108,blaise pascal,"Blaise Pascal wrote some early works in the natural and applied sciences, particularly in mechanics, physics, and math. His earliest contribution to these fields was the development of a mechanical calculator known as ""La Place"", which he invented in 1657. He also made important contributions to the construction of mechanical calculators, studying fluid dynamics, and clarifying the concepts of pressure and vacuum by generalizing work done by Torricelli on these topics.",0.9109035134315491,0.8082853555679321,0.8565317392349243
109,blaise pascal,"Blaise Pascal suffered various setbacks throughout his life. Previous question(s): e made important contributions to the construction of mechanical calculators, the study of fluids, and clarified the concepts of pressure and vacuum by generalizing the work of Evaungeliasta Torricelli? New question: From what did Pascal suffer throughout his life?",0.8889164924621582,0.7938057780265808,0.8386731743812561
110,blaise pascal,"Based on the information provided in the given context, ""Pascal"" refers to Pascal Pascal programming language developed by Jacques de Vaucanson. The Pascal language is known for its conciseness and readability, and it is an object-oriented programming language that supports multiple data types, including integers, floating-point numbers, strings, and arrays. Pascal was invented by Jacques de Vaucanson in the 17th century and is considered a precursor to modern languages like C++. Pascal is widely used in fields such as engineering, finance, mathematics, and computer science.",0.8280155062675476,0.7857891321182251,0.8063499331474304
111,blaise pascal,"Pascal suffered throughout his life, and he died at the age of 57.",0.8878819942474365,0.763940691947937,0.821261465549469
112,blaise pascal,"There is no direct answer to this question as Pascal's works were not well-received at the time. However, some scholars believe that his writing had a significant impact on the development of literature and writing in general. Pascal was known for his interest in philosophy, mathematics, and science, which may have made him more approachable to readers than many other writers of his era. Additionally, his work often explored complex themes and ideas, which could have appealed to intellectuals of his time. Ultimately, whether or not his works were widely popular as a literary work is subjective and dependent on historical context and individual tastes.",0.8490013480186462,0.7879621982574463,0.8173437118530273
113,blaise pascal,"Answer: Pascal's younger sister was Catherine Pascal. She did not have any significant literary works and is not considered one of Pascal's most popular works. As per the previous question, Pascal's Provincial Letters were well-received as a religious work in his time.",0.8534080386161804,0.7774713039398193,0.8136717677116394
114,blaise pascal,"The previous question refers to ""Blaise Pascal."" Here are the instructions for asking it again with different questions:

New question: What was Blaise Pascal's younger sister's name, and when did her father die? Please answer according to: This is about Blaise Pascal. Previous question(s): Aside from the Provincial Letters' religious influence, were they popular as a literary work? Who was Pascal's younger sister?.",0.8210539817810059,0.7772256135940552,0.798538863658905
115,blaise pascal,"Yes, this is about Blaise Pascal and the previous question you asked regarding who was Pascal's father. According to the given text, Blaise Pascal's father was a famous French mathematician and inventor named Blaise PrÃ©vost. The information provided suggests that Pascal's father died before he was born.",0.8499848246574402,0.7847430109977722,0.8160620331764221
116,blaise pascal,"Yes, Blaise Pascal was a child prodigy who was educated by his father, a civil servant. He achieved great success in mathematics and literature during his lifetime. However, it is not clear when exactly he died due to his illness, which occurred after his father's death.",0.8807904720306396,0.793813943862915,0.8350434899330139
117,blaise pascal,"Yes, Pascal did write in defense of the scientific method. In his book ""Pascal's PensÃ©es,"" he explains that while ""the method of deduction is not always fruitful, it is often useful; and the more we have observed, the more we can deduce."" He also mentions that the ""method of induction"" - which forms the basis of modern science - is based on ""experience, observation, and reasoning."" Pascal also discusses the scientific method's importance in discovering new knowledge and ways of understanding the world.

In his book ""Pascal's Wager,"" Pascal argues that the scientific method can be used to evaluate the likelihood of God existing or not existing. He explains that by following the scientific method, one can assess the evidence for or against a hypothesis or claim and determine if it is reasonable to believe in or reject the existence of God based on the evidence.",0.838045060634613,0.7891207337379456,0.812847375869751
118,blaise pascal,"No new question has been posted for ""Blaise Pascal"" and its context. The previous questions about Blaise Pascal have already been answered. If you are looking for a new question, please try searching or posting a new question on this platform. Thank you!",0.8196311593055725,0.7614579796791077,0.789474368095398
119,blaise pascal,"Based on the given material, ""New question: Who was the eldest sibling?"" and ""Who died the next morning?"", it can be inferred that whoever dies the next morning would be the younger sibling. The article is not directly related to Pascal's writing, but rather questions about Pascal's family history or his siblings.",0.8284804821014404,0.7761693596839905,0.8014723062515259
120,blaise pascal,"Yes, that is correct. Blaise Pascal was indeed a work of Pierre-Louis Delaplace (1630-1715), who published a book called ""Conic Sections"" in 1704. Desargues, who also contributed to the book, was not working on conic sections specifically but rather on more general topics such as trigonometry and geometry.",0.8377633690834045,0.790320873260498,0.8133509159088135
121,blaise pascal,"Certainly! The passage in question is about Blaise Pascal, a French mathematician and astronomer known for his contributions to calculus. As for the question you asked earlier, ""Was Pascal a work of Desargues on conic sections?"" - the answer is no, Pascal was not a Frecnh mathematical figure. In fact, Desargues was a prominent French astronomer who made significant contributions to celestial mechanics and the theory of conic sections in his work. Pascal's contribution to calculus is considered to be inseparable from Desargues, as they were both working in the same field at roughly the same time and drew on similar mathematical ideas.",0.8359110951423645,0.7901245951652527,0.8123732209205627
122,blaise pascal,"Answer: No, Pascal did not have poor health throughout his life. Pascal lived until the age of 65, which is considered a relatively old age for someone who was active in their field of study during that time period. During his lifetime, he went on to write several major works, including PensÃ©es and TraitÃ© des proportions, among others, and continued to be active as an educator and philosopher throughout the remainder of his life. Therefore, it should not be assumed that Pascal suffered from poor health throughout his life or that his health was particularly weak at any point during that period.",0.8560889959335327,0.7938159704208374,0.8237772583961487
123,blaise pascal,"Yes, Blaise Pascal was a highly regarded and influential mathematician who played a significant role in the development of modern mathematics. Although he was not considered to be a first-order mathematician, his works and ideas had a lasting impact on the field of mathematics. As for the previous question, yes, Pascal is considered to be a mathematican of the first order due to his contributions to calculus, algebra, and geometry.",0.8570231199264526,0.789417028427124,0.8218320608139038
124,blaise pascal,"Answer: Pascal lost his mother when he was around six years old or five years old, depending on the source. This loss had a significant impact on his emotional and psychological development, leading to depression, anxiety, and other mental health issues in later life.",0.8471158742904663,0.7766988277435303,0.8103805184364319
125,piano,"No, Bartolomeo Cristofori did not invent the modern piano. The first known use of the term ""piano"" as an instrument was in a treatise on the piano-forte dated to 1567 by Italian musicologist Paolo Algarotti. Cristofori is considered the father of the modern grand piano, which he designed for the court of Duke Ferdinand II of Tuscany. Cristofori's design included the use of two keyboard keys and a fretted soundboard that allowed for both higher-pitched and lower-pitched sounds to be produced. However, his designs were not widely accepted until much later, and the modern grand piano would not appear until the early 19th century.",0.8339440822601318,0.794203519821167,0.8135887980461121
126,piano,"Unfortunately, I do not have access to specific details or context regarding the current design of grand pianos. However, in general, the right-most pedal on most modern pianos is commonly referred to as the ""unamplified pedal"" and it is designed for playing with an amplifier or other musical accessories. This pedal helps to distribute the sound produced by the piano across multiple channels and can be used to enhance the overall sound of the instrument. In some older pianos, the right-most pedal may not be designated as a ""unamplified pedal"", but rather a standard ""pedal"" for moving the strings or otherwise adjusting the pitch. I suggest you contact a reputable piano dealer or manufacturer to get specific details on your specific grand piano model.",0.8331342935562134,0.7882909774780273,0.8100925087928772
127,piano,"Response: The author did not specify which question(s) they were referring to, so it is unclear whether they are referring to either previous questions or the new one. Please provide additional context as needed.",0.8190662860870361,0.7564554810523987,0.7865168452262878
128,piano,"Sure, let me provide the answers to your previous questions.

Q1: The left-most pedal on a grand piano is called the una corda (meaning ""free"" in Italian).

A1: It's advantageous for a grand piano's metal plate to be quite massive because it helps distribute weight evenly over its entire surface area, making for an easier and more comfortable play experience for pianists.

Q2: The names of the two pedals on either side of the middle key of a grand piano are called the ""middle"" or ""double"" pedals, depending on which side they're located on. Here's a brief explanation for each one:

- Left-most middle pedal (right-side): The left-most pedal is called the ""left"" pedal and is situated directly below the middle key. It controls the volume level of the piano, making it possible to adjust its tone and balance.

- Middle middle pedal (middle-side): The middle middle pedal, also known as the middle pedal, is located on the opposite side from the left-most middle pedal. Its name reflects that fact: it controls the balance between the two middle keys.

Q3: Piano: The term ""piano"" comes from the Italian word ""pianoforte,"" which means ""stringed keyboard."" In English, the word piano has been shortened to just ""piano.""",0.8139496445655823,0.7929092645645142,0.8032916188240051
129,piano,"Question: Can you summarize the previous question and its answers?: Previous Question(s): Is it advantageous for a grand piano's metal plate to be quite massive? What are the names of a piano's pedals?

New question: What are a piano's keys generally made of?",0.8140974044799805,0.769432008266449,0.791134774684906
130,piano,"A typical modern piano typically has between 60-120 keys, divided into three or four groups. The names of these keys are also known as pedals, and they control the pitch and volume of each note on the keyboard.",0.8455005884170532,0.7777061462402344,0.810187578201294
131,piano,"Dear Q,

I apologize for my previous questions that did not address your specific topic. Here's another one to help you out!

Your second question is: ""What is the midlest pedal called on grand pianos?"" Here it is: The middle pedal, or ""middelpedal,"" is commonly referred to as a ""middle"" pedal in German and other European languages. In other words, the middelpedal is the most central or central part of the keyboard on the piano. It is usually the last pedal that comes down on the keyboard and is responsible for raising or lowering the octave of the instrument (as opposed to a ""high"" pedal, which raises/lowers all 12 octaves at once).

Thank you for your understanding! If you have any other questions or want to learn more about pianos or their history, feel free to ask me again. Best regards,

Your AI assistant.",0.8033742904663086,0.782099723815918,0.7925942540168762
132,piano,"Answer: In the context of pianos, a ""typical modern piano"" usually has at least two keys (upper and lower) with the left-hand keyboard (left half of the instrument) being the larger and more commonly used space. 

In terms of specific piano designs, there is no definitive answer as to whether ""upright piano"" refers specifically to pianos made in the United States or anywhere else. However, on a grand piano, the mid-pedal (also called the pedal for an upright piano) is typically referred to as the ""sit-down pedal."" 

So, while the question you asked earlier about whether ""upright piano"" refers to certain designs or locations may have a bit of overlap with this one, the answer to your second question would likely be yes.",0.8181990385055542,0.7866705060005188,0.8021250367164612
133,piano,"In general, ""up-right piano"" refers to a type of upright piano that is mounted or placed on an angled stand rather than lying flat against the wall. This mounting method can make the piano less stable and less compact, as it requires more space in a living room or other such space where the piano would typically be used. On the other hand, ""vertical piano"" refers to a type of upright piano that is mounted at an angle towards the wall (usually about 45 degrees) so that it can be placed flat against the wall without requiring too much floor space. This type of mounting method allows for a smaller and more compact piano that is easy to move around, but may also require some additional storage or setup time when compared to an up-right piano. The choice between an up-right and vertical piano will depend on personal preferences, space requirements, and the specific needs of the pianist or musician who plans to use it in their living room or other domestic setting.",0.8228766322135925,0.7820799946784973,0.8019598126411438
134,piano,"Yes, that's correct! The Irving Berlin's piano was a horizontal piano with a smaller footprint compared to an upright piano. It was named after the songwriter/singer and composer, Irving Berlin, who used upright pianos in his music. The horizontal piano was often referred to as ""upright piano"" or ""vertical piano"".",0.8340438008308411,0.7789990305900574,0.8055822253227234
135,piano,"Response: No response was provided with the original context for this question. A typical studio piano can be anywhere between 45-60 inches or 120-150 centimeters in height, which is about the size of a normal desktop computer monitor. However, the exact height of a typical studio piano may vary depending on the manufacturer and personal preferences.",0.8174116015434265,0.771334171295166,0.7937046885490417
136,piano,"Q1. Where is Irving Berlin's piano located?: The piano used by composer Irving Berlin on ""God Bless America"" and other works for which he received an Academy Award, is now housed at the Academy of Music in New York City. It is said to be about 5 feet tall (1.5 meters) and has a soundboard that measures 2 feet wide by 6 feet long.

Q2. Are piano(s) used in Western music?: Yes, pianos are a staple instrument in the Western world, where they are used as accompaniment to singers and performers, as well as for solo playing. In classical music, pianists often use pianos made specifically for this purpose, known as upright or grand pianos. In popular music, pianos have been used on many albums and in live performances by artists such as Elvis Presley, Bob Dylan, and Aretha Franklin.

Q3. Is there a specific type of piano used?: There are several types of pianos used in different genres of Western music. Upright pianos are often used in classical music and for solo playing, while grand pianos are typically larger and more expensive and are used in jazz, rock, and pop music.

Q4. Is the height of an average piano a common topic?: No, not usually. However, some people may refer to the height of a typical studio piano as ""normal."" The length is often longer than the width, so it's commonly considered ""short"" or ""tiny"".",0.8308950662612915,0.7949686050415039,0.8125349283218384
137,piano,"Response: PiaNo is not a piano, and there are no black keys on a traditional-style piano. Modern pianos typically come with only white or gray keys, which can range from just a few to several dozen depending on the size of the instrument.",0.8291556239128113,0.7743123769760132,0.8007961511611938
138,piano,"In Western classical and jazz music, sustaining notes on the piano are typically indicated using a sustain pedal. It is called this because it sustains the sound of each note played, giving it longer stay in the air before disappearing back into silence. In popular music, such as pop and rock, sustained notes may be abbreviated as ""sust.""

Sustain pedals can come in various styles and sizes depending on the piano model, but most modern pianos have 1-3 sustain pedals, typically located next to the bass strings or with a separate pedal for each string. The specific number of strings and the location of the pedals may vary from piano to piano.",0.8360355496406555,0.7865214347839355,0.8105230331420898
139,piano,"Response: According to the given text, Irving Berlin played a classical-style grand piano with no pedals or touches. The phrase ""modern piano"" in the previous question is not mentioned. So, the answer for that question would be no black keys and no sustain pedal.",0.8314743638038635,0.7730059027671814,0.8011748194694519
140,piano,"In response to your previous questions regarding Piano, the ""sustain pedal"" referred to in this context is usually a separate electronic device used on pianos or keyboard instruments. It functions similarly to a sustain switch on a guitar, which helps prolong the notes played while the instrument is held down. 

As for the sustain pedal's name and function: While the term ""sustain pedal"" may be slightly confusing, it refers to a specific type of pedal found on electronic keyboards, typically called a ""press-to-play"" or ""play-by-pedal."" It allows you to play notes with the use of a sustained key press instead of simply pressing down on the keys. This creates a more complex and dynamic sound than traditional piano playing, as it allows for sustain and reverb effects.

In regards to older pianos having more keys than modern pianos, this is not always true. While some early grand pianos had fewer or different key sizes compared to modern pianos, this is not generally the case. Many modern pianos have a wider range of keys with different size and shape, allowing for a broader musical palette. However, older models often had smaller, more traditional-looking keys that were easier to play for beginners or for those who preferred a simpler playing experience.",0.8334863185882568,0.7982764840126038,0.8155015707015991
141,piano,"Answer: No, the mechanism in an upright piano is not perpendicular to its keys. The mechanisms of early pianos were often designed to be parallel or even oblique to the strings, which allowed for easier and more stable play by moving the hammer across the strings in a straight line. As time went on, mechanisms became tilted or angled at an angle, allowing for more precise and controlled play. In newer piano models, such as those with vertical keys, the mechanism is usually designed to be perpendicular to the strings so that the hammers can move up and down the keyboard in a straight line without hitting the strings. However, older upright pianos may still have mechanisms that are tilted or angled in this way.",0.84012770652771,0.7888064384460449,0.813658595085144
142,london,"James VI of Scotland united three kingdoms: Scotland, England and Ireland in the union of the three kingdoms known as the United Kingdom of Great Britain and Northern Ireland. The union was established on January 1, 1603, when James VI ascended to the British throne as James I.",0.8145601153373718,0.7548455595970154,0.7835667729377747
143,london,"The previous questions you answered were on different topics, so I'm going to move on to the new one. Here it is:

Question: How many languages are spoken in London? Answer: The answer to this question depends on your perspective. While English is widely spoken in Britain (particularly in the north of England and parts of Scotland), the country also has a strong regional language tradition, with dialects spoken throughout the south and east of England. Some regions, such as the North East and North West of England, have distinct regional accents or dialects that are unique to those areas. For instance, the Yorkshire accent is often considered to be a separate dialect in its own right, while the Welsh language is spoken by some communities in Wales. So there are several different languages spoken in London as well as a range of dialects and regional accents.",0.8258098363876343,0.7727006077766418,0.7983729839324951
144,london,"Yes, according to historical records, Caunter took control of the English throne in 101. This was a significant event as it marked the end of King Edward I's reign and the beginning of King Henry III's rule in England. However, some sources suggest that there were multiple claimants for the English throne during this period or that Caunter did not actually hold the throne at all.",0.8245216608047485,0.7530910968780518,0.787189245223999
145,london,"Response: London is one of the most multicultural and diverse cities in the world, with over 31 million inhabitants speaking a total of 80 languages. The previous question (i.e., how many languages are spoken in London?) was answered as ""over how many languaages are spoken in London?"" Caunte has not yet taken control of the English throne in 101, and therefore this is a new question.",0.8391140699386597,0.7677053213119507,0.8018229603767395
146,london,"Answer: The Anglo-Saxon settlement that existed in London during the 600s was not under direct control of Caunte, but rather was a separate political entity. It is not specified what caused the Anglo-Saxons to create this settlement or how long it lasted.",0.8296111822128296,0.7547968626022339,0.7904376983642578
147,london,"Previous question: ""What city in the UK has been subjected to bout of terrorism?"" The previous question asked about London's population draw from a specific religion. This new question asks about the religious makeup of London's population. In terms of London's demographics, the question is whether London's population comprises a wide range of religions, or if it is mostly made up of people with strong ties to one particular faith.",0.8376620411872864,0.762437641620636,0.7982816100120544
148,london,"Yes, London is the capital of the United Kingdom. The Anglo-Saxon people created several things during the 600s that are still in use today in the city's population. However, there are some religions present in the city, including Christianity, Islam, and Judaism, which make up around 31% of London's population as of 2021.",0.8626023530960083,0.7777459621429443,0.8179793357849121
149,london,"Previous answer: The previous question was about London and its population. This question is not about London, but rather the period in which England during the Middle Ages experienced civil wars such as the English Civil War (1642-1649) and the Welsh Wars of the Roses (1450s-1487).",0.82355797290802,0.7623537182807922,0.7917748093605042
150,english language,"The advertisement asks for ""native speakers"" as a qualification requirement, implying that applicants must have proficiency in spoken language at the intermediate or advanced level. However, there's no specified range or minimum number of native speakers required. The ad is open to anyone with a degree or equivalent qualifications in English, French, German, Italian or Spanish, and who has experience in customer service, event management, or similar fields. So you could be an experienced salesperson, social media manager, or marketing assistant, for example.",0.8195742964744568,0.7814202308654785,0.8000426292419434
151,english language,"The previous question asked whether there are substantial variations in the formal written language of the English language, specifically between British and American English. The new question asks whether local variations are mostly restricted to spelling differences between British and American English. This is because the given answer to the previous question (that there are extensive variations) refers to global variations rather than regional or local ones.",0.8330516815185547,0.7813390493392944,0.8063671588897705
152,english language,"The answer is no, there are not any significant differences in the syntax of German, based on different rules or pronunciations. The syntax of German can be roughly divided into two main groups - Proto-Germanic and Old High German, which have been standardized through centuries of writing and scholarship. Therefore, German speakers would recognize each other without issues even if they spoke different dialects.",0.8398447036743164,0.7851232290267944,0.8115625381469727
153,english language,"The answer is ""Yes"". Old English, which developed in England before being adopted by other Anglo-Saxon tribes in northern Germany and southern France, had its own distinct syntax from the spoken language of the majority. The differences between Old and Middlle English were formalized into rules and conventions over time. This means that the syntax of German is different from that of Old English in certain ways, but it still shares many similarities with that of the other Anglo-Saxon languages spoken in Britain during the Middle Ages (including English).",0.8503050804138184,0.8016740083694458,0.8252737522125244
154,english language,"Yes, English is considered to be an innate language and has developed into a distinctive and unique form of spoken and written communication. However, its relationship with other languages, including German, can vary depending on cultural and linguistic contexts. In general, the syntax of English (or any language) does not necessarily follow strict rules like in German, as it is based on a mix of grammatical elements and semantic conventions that can be influenced by cultural and historical factors. Nonetheless, there are some general similarities between these languages, such as the use of subject-verb agreement, noun case, and verb tenses, which allow for smooth communication and a clear understanding of meaning.",0.840802788734436,0.7965847849845886,0.8180967569351196
155,english language,"In this context, ""syllables"" refer to the individual units of speech or sound that constitute a language. The previous questions addressing the development of English into Midlernational langauge and if English is an innatitional language do not include this aspect.",0.8185754418373108,0.7770500779151917,0.7972724437713623
156,english language,"Certainly! Yes, books, magazine articles, and newspaper articles can all be written in English. However, some may have been intentionally written to be written in English while others were translated from a different language. It's best to check the publication date or use tools such as Google Translate or Babelfish to confirm that it is indeed an English-language work.",0.8227430582046509,0.7726924419403076,0.7969326972961426
157,english language,"Yes, English is officially recognized as the de-facto official language of Israel.",0.8585365414619446,0.7733674049377441,0.813729465007782
158,english language,"Yes, many words describing the navigation of ships, types of ships, and other water-related objects and activities in Dutch origin exist. This includes terms such as ""vloegschip"" (large ship), ""vaartuig"" (ship), ""vaartjongen"" (small sailboat), ""vaartzak"" (sailboat), ""vaardijvaart"" (tugboat), and ""vaartzanger"" (ship surveyor). These Dutch-origin words continue to be used in contemporary Dutch language and may also be heard in some English-speaking countries.",0.802020251750946,0.7840214967727661,0.7929187417030334
159,english language,"Sure, I can answer this question based on previous questions and the provided context:

Yes, the stress pattern for the syllable in the word ""navy"" (Navy) is typically called the nuclear or centred stressed syllable. This pattern occurs at the end of a word and is marked by a single dots and one additional space before the next word, indicating that the preceding word has had its stress lifted to this point.

In the context of the previous question(s), yes, the stress pattern for the syllable in the word ""navy"" (Navy) can be seen as a nuclear or centred stressed syllable due to the way the text is formatted. The last two words in the sentence are ""types of ships"" and ""other objects or activities on the water of dutch origin,"" which all use this same pattern of stress for their final syllables.

So, in summary: Yes, the stress pattern for the syllable in the word ""navy"" (Navy) is typically called a nuclear or centred stressed syllable due to its placement at the end of a word and its marking of a single dots and one additional space before the next word.",0.7909502387046814,0.7724685668945312,0.7816001176834106
160,english language,"Answer: No, English grammar does not have minimal inflation.",0.8438055515289307,0.7599062323570251,0.7996612787246704
161,english language,"Yes, it is true that semantics can cause false friends or misinterpretations in English grammar. This is because semantic analysis involves analyzing the meaning or intent of a word or phrase. The process of analyzing and interpreting meanings can lead to misunderstandings in different contexts. For instance, ""their"" and ""them"" are used in various ways in English. While ""their"" refers to individuals who share something with another individual or group, ""them"" is often used to refer to a group of people who do not share the same group with another individual or group. This can create confusion and misunderstandings when referring to groups of people. Therefore, while semantics can cause false friends in English grammar, it does not necessarily mean that everything cannot be translated accurately into other languages.",0.814914882183075,0.7807676196098328,0.7974758744239807
162,pablo picasso,"Yes, Jacqueline Roque, also known as Jackie, is another character that was not long in finding another love or companion. She and her former fiancÃ©, Michael, were in the process of planning a honeymoon when they both suddenly got divorced. Jackie eventually found love with a man named Daniel, who she met while on vacation, and they have been together ever since.",0.8175008296966553,0.7596883773803711,0.7875350713729858
163,pablo picasso,"A new question has been added to the previous question's context: ""Give an example of the most comprehensive records extant of any major artists beginnings.""

Pablo Picasso is a major artist, and there are numerous records and artifacts extant documenting his career, relationships, and impact on the art world. Here is an example:

In 1943, Pablo Picasso began dating Jacqueline Roque. The couple lived together for several years, but their relationship ultimately ended due to Roque's infidelity. In one of Picasso's paintings from this period, titled ""Le CafÃ©"", Roque is seen wearing a ring on her ring finger. This piece, along with other works by Picasso, was featured in the extensive exhibition ""Picasso and Jacqueline Roque"" that took place at the National Gallery of Art in Washington D.C. in 2015. The exhibition documented Picasso's artistic partnership with his long-term partner, as well as their romantic relationship. This exhibit was a significant part of efforts to promote and preserve Picasso's legacy and is considered a critical event in the history of Picasso studies.",0.8352055549621582,0.7878835797309875,0.8108547925949097
164,pablo picasso,"Pablo Picasso was not long in finding another love with Jacqueline Roque, as he had a successful relationship with actress Germaine Krull for several years from the mid-1930s until her death in 1954. One of the most comprehensive records extant of Picasso's beginnings is provided by the book Pablo Picasso: A Biography by Anthony Barnes and Christos H. Pitsoukis, which includes an extensive biography and a large selection of personal letters and diaries kept by Picasso during this period.",0.8237348794937134,0.775066077709198,0.7986597418785095
165,pablo picasso,"Yes, the U.S. Copyright Representative for the Picasso Administration is the Artists Rights Society (ARS), a private non-profit organization founded in 1923. ARS protects and advances the interests of artists and their families through legal counsel, copyright administration, and community engagement initiatives.",0.8197082877159119,0.7534129619598389,0.7851637005805969
166,pablo picasso,"In the context of Pablo Picasso, the previous question refers to whether or not Pablo Picasso (1881-1973), who is also known as ""Picasso,"" has been widely recognized as one of the most significant artists in the 20th century. The answer is yes, he has been considered a crucial figure in art history and has played an instrumental role in shaping the development of modern art. As an artist, Picasso's works have achieved iconic status and are regarded as some of the most influential and celebrated pieces of contemporary art.",0.8638315200805664,0.7847656011581421,0.8224025964736938
167,pablo picasso,"Based on the previous question(s): Yes, the Picasso Administration is an organization that represents the copyright of the artist Pablo Picasso. As for the two works mentioned in the text, Les Demoiselles d'Avignon (1907) and Guernica (1937), they are among his most famous works. They are considered to be proto-Cubist and depict the German bombing of Guernica during the Spanish Civil War.",0.8912437558174133,0.7923064827919006,0.8388679623603821
168,pablo picasso,"In 1838, Pablo Picasso suffered a severe stroke that left him partially paralyzed and unable to speak or understand words. This incident, which occurred on July 24th of that year, was the catalyst for his most famous work, Guernica (1937), an expressionist painting depicting the horrors of the Spanish Civil War and the Nazi bombing of the Basque town of Guernica. Guernica gained immense cultural and historical importance when it was displayed in New York City as part of the Venice Biennale in 1938, attracting thousands of visitors who were moved by the raw power and emotional depth of Picasso's depiction of war.",0.8609985113143921,0.7913764119148254,0.8247206807136536
169,pablo picasso,"Previous question(s): Yes, Pablo Picasso is best known for co-founding the Cubist movement and for the wide variety of styles embodied in his work. The proto-Cubist Les Demoiselles d'Avignon (1907) and Guernica (1937), as well as other works, are among the most famous examples of Picasso's Cubist style. In 1838, however, he is also known for co-founding the Cubist movement and for his portrayal of the German bombing of Guernica during the Spanish Civil War.",0.917708694934845,0.8023341298103333,0.8561519384384155
170,pablo picasso,"Yes, that's right. This is about Pablo Picasso, and previous questions about him relate to various aspects of his life and artistic achievements. The specific events or periods covered by the question are listed in parentheses. In 1838: Pablo Picasso co-founded the Cubist movement along with Georges Braque (1882-1965), whose work would become a significant part of modern art history. In 1968 through 1971, Picasso's work was heavily influenced by his surrealist and existentialist views, as well as the social and political upheavals of this time period.",0.8511689901351929,0.7865518927574158,0.8175857663154602
171,pablo picasso,"The previous answer is about Pablo Picasso. The new question asks about when Picasso made his first trip to Paris. The given context mentions Pablo Picasso as a helpful AI assistant, so the answer would be ""Before 1968 through 1971.""",0.8314633965492249,0.7596232891082764,0.7939215302467346
